{"cameraMode":{"drawMode":0,"name":"Shaded","section":"Shading Mode"},"sceneLighting":true,"audioPlay":false,"sceneViewState":{"showFog":true,"showMaterialUpdate":false,"showSkybox":true,"showFlares":true,"showImageEffects":true,"showParticleSystems":true},"in2DMode":false,"pivot":{"x":2.0485289096832277,"y":0.5068461894989014,"z":-0.694259762763977},"rotation":{"x":0.05169747397303581,"y":-0.926925778388977,"z":0.1389586329460144,"w":0.34478074312210085},"size":1.6650919914245606,"orthographic":false}